{
	"credit": "Made with Blockbench",
	"textures": {
		"0": "custom/shroomie_hat",
		"1": "custom/shroomie_stem",
		"particle": "custom/shroomie_hat"
	},
	"elements": [
		{
			"from": [4, 0, 4],
			"to": [12, 21, 12],
			"faces": {
				"north": {"uv": [0, 0, 8, 16], "texture": "#1"},
				"east": {"uv": [0, 0, 8, 16], "texture": "#1"},
				"south": {"uv": [0, 0, 8, 16], "texture": "#1"},
				"west": {"uv": [0, 0, 8, 16], "texture": "#1"},
				"up": {"uv": [0, 0, 8, 8], "texture": "#1"},
				"down": {"uv": [0, 0, 8, 8], "texture": "#1"}
			}
		},
		{
			"from": [10, 9, 3],
			"to": [13, 14, 4],
			"faces": {
				"north": {"uv": [16, 11, 13, 16], "rotation": 180, "texture": "#1"},
				"east": {"uv": [13, 11, 14, 16], "texture": "#1"},
				"south": {"uv": [13, 11, 16, 16], "texture": "#1"},
				"west": {"uv": [13, 11, 14, 16], "texture": "#1"},
				"up": {"uv": [13, 11, 16, 12], "texture": "#1"},
				"down": {"uv": [13, 11, 16, 12], "texture": "#1"}
			}
		},
		{
			"from": [3, 9, 3],
			"to": [6, 14, 4],
			"faces": {
				"north": {"uv": [16, 11, 13, 16], "texture": "#1"},
				"east": {"uv": [14, 11, 13, 16], "texture": "#1"},
				"south": {"uv": [16, 11, 13, 16], "texture": "#1"},
				"west": {"uv": [14, 11, 13, 16], "texture": "#1"},
				"up": {"uv": [16, 11, 13, 12], "texture": "#1"},
				"down": {"uv": [16, 11, 13, 12], "texture": "#1"}
			}
		},
		{
			"from": [0, 21, 0],
			"to": [16, 23, 16],
			"faces": {
				"north": {"uv": [0, 0, 16, 2], "texture": "#0"},
				"east": {"uv": [0, 0, 16, 2], "texture": "#0"},
				"south": {"uv": [0, 0, 16, 2], "texture": "#0"},
				"west": {"uv": [0, 0, 16, 2], "texture": "#0"},
				"up": {"uv": [0, 0, 16, 16], "texture": "#0"},
				"down": {"uv": [0, 0, 16, 16], "texture": "#0"}
			}
		},
		{
			"from": [-2, 14, 0],
			"to": [0, 21, 16],
			"rotation": {"angle": 0, "axis": "z", "origin": [8, 22, 8]},
			"faces": {
				"north": {"uv": [0, 0, 7, 2], "rotation": 90, "texture": "#0"},
				"east": {"uv": [0, 0, 7, 16], "rotation": 270, "texture": "#0"},
				"south": {"uv": [0, 0, 7, 2], "rotation": 270, "texture": "#0"},
				"west": {"uv": [0, 0, 7, 16], "rotation": 270, "texture": "#0"},
				"up": {"uv": [0, 0, 16, 2], "rotation": 270, "texture": "#0"},
				"down": {"uv": [0, 0, 16, 2], "rotation": 270, "texture": "#0"}
			}
		},
		{
			"from": [0, 14, -2],
			"to": [16, 21, 0],
			"rotation": {"angle": 0, "axis": "z", "origin": [8, 22, 8]},
			"faces": {
				"north": {"uv": [0, 0, 7, 16], "rotation": 270, "texture": "#0"},
				"east": {"uv": [0, 0, 7, 2], "rotation": 90, "texture": "#0"},
				"south": {"uv": [0, 0, 7, 16], "rotation": 270, "texture": "#0"},
				"west": {"uv": [0, 0, 7, 2], "rotation": 270, "texture": "#0"},
				"up": {"uv": [0, 0, 16, 2], "texture": "#0"},
				"down": {"uv": [0, 0, 16, 2], "rotation": 180, "texture": "#0"}
			}
		},
		{
			"from": [16, 14, 0],
			"to": [18, 21, 16],
			"rotation": {"angle": 0, "axis": "z", "origin": [8, 22, 8]},
			"faces": {
				"north": {"uv": [0, 2, 7, 0], "rotation": 90, "texture": "#0"},
				"east": {"uv": [0, 16, 7, 0], "rotation": 270, "texture": "#0"},
				"south": {"uv": [0, 2, 7, 0], "rotation": 270, "texture": "#0"},
				"west": {"uv": [0, 16, 7, 0], "rotation": 270, "texture": "#0"},
				"up": {"uv": [0, 2, 16, 0], "rotation": 270, "texture": "#0"},
				"down": {"uv": [0, 2, 16, 0], "rotation": 270, "texture": "#0"}
			}
		},
		{
			"from": [0, 14, 16],
			"to": [16, 21, 18],
			"rotation": {"angle": 0, "axis": "z", "origin": [8, 22, 8]},
			"faces": {
				"north": {"uv": [0, 16, 7, 0], "rotation": 270, "texture": "#0"},
				"east": {"uv": [0, 2, 7, 0], "rotation": 90, "texture": "#0"},
				"south": {"uv": [0, 16, 7, 0], "rotation": 270, "texture": "#0"},
				"west": {"uv": [0, 2, 7, 0], "rotation": 270, "texture": "#0"},
				"up": {"uv": [0, 2, 16, 0], "texture": "#0"},
				"down": {"uv": [0, 2, 16, 0], "rotation": 180, "texture": "#0"}
			}
		}
	],
	"display": {
		"thirdperson_righthand": {
			"scale": [0.2, 0.2, 0.2]
		},
		"thirdperson_lefthand": {
			"scale": [0.2, 0.2, 0.2]
		},
		"firstperson_righthand": {
			"scale": [0.2, 0.2, 0.2]
		},
		"firstperson_lefthand": {
			"scale": [0.2, 0.2, 0.2]
		},
		"ground": {
			"scale": [0.2, 0.2, 0.2]
		},
		"gui": {
			"rotation": [0, -180, 0],
			"scale": [0.2, 0.2, 0.2]
		},
		"head": {
			"translation": [0, -45.25, 0],
			"scale": [1.5, 1.5, 1.5]
		},
		"fixed": {
			"scale": [0.2, 0.2, 0.2]
		}
	},
	"groups": [
		{
			"name": "Shroomie",
			"origin": [8, 8, 8],
			"children": [
				{
					"name": "group",
					"origin": [8, 8, 8],
					"children": [0, 1, 2]
				},
				{
					"name": "group",
					"origin": [8, 8, 8],
					"children": [3, 4, 5, 6, 7]
				}
			]
		}
	]
}