{
	"credit": "Made with Blockbench",
	"textures": {
		"0": "custom/shroomer_stem",
		"1": "custom/shroomer_hat",
		"particle": "custom/shroomer_stem"
	},
	"elements": [
		{
			"from": [4, 0, 4],
			"to": [12, 21, 12],
			"faces": {
				"north": {"uv": [0, 0, 8, 16], "texture": "#0"},
				"east": {"uv": [0, 0, 8, 16], "texture": "#0"},
				"south": {"uv": [0, 0, 8, 16], "texture": "#0"},
				"west": {"uv": [0, 0, 8, 16], "texture": "#0"},
				"up": {"uv": [0, 0, 8, 8], "texture": "#0"},
				"down": {"uv": [0, 8, 8, 16], "texture": "#0"}
			}
		},
		{
			"from": [3, 20, 3],
			"to": [13, 21, 13],
			"faces": {
				"north": {"uv": [0, 0, 8, 1], "texture": "#0"},
				"east": {"uv": [0, 0, 8, 1], "texture": "#0"},
				"south": {"uv": [0, 0, 8, 1], "texture": "#0"},
				"west": {"uv": [0, 0, 8, 1], "texture": "#0"},
				"up": {"uv": [0, 0, 8, 1], "texture": "#0"},
				"down": {"uv": [0, 0, 8, 1], "texture": "#0"}
			}
		},
		{
			"from": [10, 10, 3],
			"to": [13, 15, 4],
			"faces": {
				"north": {"uv": [16, 11, 13, 16], "texture": "#0"},
				"east": {"uv": [12, 11, 13, 16], "texture": "#0"},
				"south": {"uv": [13, 11, 16, 16], "texture": "#0"},
				"west": {"uv": [13, 11, 14, 16], "texture": "#0"},
				"up": {"uv": [13, 11, 16, 12], "texture": "#0"},
				"down": {"uv": [13, 11, 16, 12], "texture": "#0"}
			}
		},
		{
			"from": [3, 10, 3],
			"to": [6, 15, 4],
			"faces": {
				"north": {"uv": [13, 11, 16, 16], "texture": "#0"},
				"east": {"uv": [14, 11, 13, 16], "texture": "#0"},
				"south": {"uv": [16, 11, 13, 16], "texture": "#0"},
				"west": {"uv": [13, 10, 12, 15], "texture": "#0"},
				"up": {"uv": [16, 11, 13, 12], "texture": "#0"},
				"down": {"uv": [16, 11, 13, 12], "texture": "#0"}
			}
		},
		{
			"from": [-1, 21, -1],
			"to": [17, 23, 17],
			"faces": {
				"north": {"uv": [0, 0, 16, 2], "texture": "#1"},
				"east": {"uv": [0, 0, 16, 2], "texture": "#1"},
				"south": {"uv": [0, 0, 16, 2], "texture": "#1"},
				"west": {"uv": [0, 0, 16, 2], "texture": "#1"},
				"up": {"uv": [0, 0, 16, 16], "texture": "#1"},
				"down": {"uv": [0, 0, 16, 16], "texture": "#1"}
			}
		},
		{
			"from": [17, 21.6875, -2],
			"to": [18, 22.4375, 18],
			"faces": {
				"north": {"uv": [0, 0, 16, 2], "texture": "#1"},
				"east": {"uv": [0, 0, 16, 2], "texture": "#1"},
				"south": {"uv": [0, 0, 16, 2], "texture": "#1"},
				"west": {"uv": [0, 0, 16, 2], "texture": "#1"},
				"up": {"uv": [0, 0, 16, 16], "texture": "#1"},
				"down": {"uv": [0, 0, 16, 16], "texture": "#1"}
			}
		},
		{
			"from": [-1, 21.6875, 17],
			"to": [17, 22.4375, 18],
			"faces": {
				"north": {"uv": [0, 0, 16, 2], "texture": "#1"},
				"east": {"uv": [0, 0, 16, 2], "texture": "#1"},
				"south": {"uv": [0, 0, 16, 2], "texture": "#1"},
				"west": {"uv": [0, 0, 16, 2], "texture": "#1"},
				"up": {"uv": [0, 0, 16, 16], "rotation": 90, "texture": "#1"},
				"down": {"uv": [0, 0, 16, 16], "rotation": 270, "texture": "#1"}
			}
		},
		{
			"from": [-2, 21.6875, -2],
			"to": [-1, 22.4375, 18],
			"faces": {
				"north": {"uv": [16, 0, 0, 2], "texture": "#1"},
				"east": {"uv": [16, 0, 0, 2], "texture": "#1"},
				"south": {"uv": [16, 0, 0, 2], "texture": "#1"},
				"west": {"uv": [16, 0, 0, 2], "texture": "#1"},
				"up": {"uv": [16, 0, 0, 16], "texture": "#1"},
				"down": {"uv": [16, 0, 0, 16], "texture": "#1"}
			}
		},
		{
			"from": [-1, 21.6875, -2],
			"to": [17, 22.4375, -1],
			"faces": {
				"north": {"uv": [16, 0, 0, 2], "texture": "#1"},
				"east": {"uv": [16, 0, 0, 2], "texture": "#1"},
				"south": {"uv": [16, 0, 0, 2], "texture": "#1"},
				"west": {"uv": [16, 0, 0, 2], "texture": "#1"},
				"up": {"uv": [16, 0, 0, 16], "rotation": 90, "texture": "#1"},
				"down": {"uv": [16, 0, 0, 16], "rotation": 270, "texture": "#1"}
			}
		},
		{
			"from": [17, 19.5, -3],
			"to": [19, 21.6875, 19],
			"faces": {
				"north": {"uv": [0, 0, 16, 2], "texture": "#1"},
				"east": {"uv": [0, 0, 16, 2], "texture": "#1"},
				"south": {"uv": [0, 0, 16, 2], "texture": "#1"},
				"west": {"uv": [0, 0, 16, 2], "texture": "#1"},
				"up": {"uv": [0, 0, 16, 16], "texture": "#1"},
				"down": {"uv": [0, 0, 16, 16], "texture": "#1"}
			}
		},
		{
			"from": [-1, 19.5, 17],
			"to": [17, 21.6875, 19],
			"faces": {
				"north": {"uv": [0, 0, 16, 2], "texture": "#1"},
				"east": {"uv": [0, 0, 16, 2], "texture": "#1"},
				"south": {"uv": [0, 0, 16, 2], "texture": "#1"},
				"west": {"uv": [0, 0, 16, 2], "texture": "#1"},
				"up": {"uv": [0, 0, 16, 16], "rotation": 90, "texture": "#1"},
				"down": {"uv": [0, 0, 16, 16], "rotation": 270, "texture": "#1"}
			}
		},
		{
			"from": [-3, 19.5, -3],
			"to": [-1, 21.6875, 19],
			"faces": {
				"north": {"uv": [16, 0, 0, 2], "texture": "#1"},
				"east": {"uv": [16, 0, 0, 2], "texture": "#1"},
				"south": {"uv": [16, 0, 0, 2], "texture": "#1"},
				"west": {"uv": [16, 0, 0, 2], "texture": "#1"},
				"up": {"uv": [16, 0, 0, 16], "texture": "#1"},
				"down": {"uv": [16, 0, 0, 16], "texture": "#1"}
			}
		},
		{
			"from": [-1, 19.5, -3],
			"to": [17, 21.6875, -1],
			"faces": {
				"north": {"uv": [16, 0, 0, 2], "texture": "#1"},
				"east": {"uv": [16, 0, 0, 2], "texture": "#1"},
				"south": {"uv": [16, 0, 0, 2], "texture": "#1"},
				"west": {"uv": [16, 0, 0, 2], "texture": "#1"},
				"up": {"uv": [16, 0, 0, 16], "rotation": 90, "texture": "#1"},
				"down": {"uv": [16, 0, 0, 16], "rotation": 270, "texture": "#1"}
			}
		}
	],
	"display": {
		"thirdperson_righthand": {
			"scale": [0.2, 0.2, 0.2]
		},
		"thirdperson_lefthand": {
			"scale": [0.2, 0.2, 0.2]
		},
		"firstperson_righthand": {
			"scale": [0.2, 0.2, 0.2]
		},
		"firstperson_lefthand": {
			"scale": [0.2, 0.2, 0.2]
		},
		"ground": {
			"scale": [0.2, 0.2, 0.2]
		},
		"gui": {
			"rotation": [0, -180, 0],
			"scale": [0.2, 0.2, 0.2]
		},
		"head": {
			"translation": [0, -13.5, 0],
			"scale": [4, 4, 4]
		},
		"fixed": {
			"scale": [0.2, 0.2, 0.2]
		}
	},
	"groups": [
		{
			"name": "Shroomer",
			"origin": [8, 8, 8],
			"children": [
				{
					"name": "group",
					"origin": [8, 8, 8],
					"children": [0, 1, 2, 3]
				},
				{
					"name": "group",
					"origin": [8, 8, 8],
					"children": [4, 5, 6, 7, 8, 9, 10, 11, 12]
				}
			]
		}
	]
}